Metadata,,,,,,Phage,,,Bacteria counts,,,,,Bacteria CFU,,,,,Bacteria fractions,,,,Relative fitness,,,
Treatment,Timepoint,Replicate,BIM_mix,Escape_phage,Tracked_BIM,phage_count,phage_dilution,PFU,SM_count,CRISPR_count,BIM_count,white_count,dilution,SM_CFU,CRISPR_CFU,BIM_CFU,white_CFU,total_CFU,frac_SM,frac_CRISPR,frac_BIM,frac_white,w_SM,w_CRISPR,w_BIM,w_white
1-clone,0,1,1,1,1,8,1.00E+03,1600000,8,28,28,0,1.00E+04,800000,2800000,2800000,0,3600000,0.222222222,0.777777778,1,0,1,1,1,1
1-clone,0,2,2,2,2,12,1.00E+03,2400000,9,6,6,0,1.00E+04,900000,600000,600000,0,1500000,0.6,0.4,1,0,1,1,1,1
1-clone,0,3,3,3,3,10,1.00E+03,2000000,10,10,10,0,1.00E+04,1000000,1000000,1000000,0,2000000,0.5,0.5,1,0,1,1,1,1
1-clone,0,4,4,4,4,4,1.00E+03,800000,18,33,33,0,1.00E+04,1800000,3300000,3300000,0,5100000,0.352941176,0.647058824,1,0,1,1,1,1
1-clone,0,5,5,5,5,7,1.00E+03,1400000,18,16,16,0,1.00E+04,1800000,1600000,1600000,0,3400000,0.529411765,0.470588235,1,0,1,1,1,1
1-clone,0,6,6,6,6,4,1.00E+03,800000,10,19,19,0,1.00E+04,1000000,1900000,1900000,0,2900000,0.344827586,0.655172414,1,0,1,1,1,1
1-clone,0,7,7,7,7,4,1.00E+03,800000,14,31,31,0,1.00E+04,1400000,3100000,3100000,0,4500000,0.311111111,0.688888889,1,0,1,1,1,1
1-clone,0,8,8,8,8,4,1.00E+03,800000,15,22,22,0,1.00E+04,1500000,2200000,2200000,0,3700000,0.405405405,0.594594595,1,0,1,1,1,1
1-clone,0,9,9,9,9,7,1.00E+02,140000,20,10,10,0,1.00E+04,2000000,1000000,1000000,0,3000000,0.666666667,0.333333333,1,0,1,1,1,1
1-clone,0,10,10,10,10,4,1.00E+03,800000,14,20,20,0,1.00E+04,1400000,2000000,2000000,0,3400000,0.411764706,0.588235294,1,0,1,1,1,1
1-clone,0,11,11,11,11,4,1.00E+03,800000,18,15,15,0,1.00E+04,1800000,1500000,1500000,0,3300000,0.545454545,0.454545455,1,0,1,1,1,1
1-clone,0,12,12,12,12,15,1.00E+02,300000,11,12,12,0,1.00E+04,1100000,1200000,1200000,0,2300000,0.47826087,0.52173913,1,0,1,1,1,1
1-clone,0,13,13,13,13,5,1.00E+03,1000000,9,8,8,0,1.00E+04,900000,800000,800000,0,1700000,0.529411765,0.470588235,1,0,1,1,1,1
1-clone,0,14,14,14,14,7,1.00E+03,1400000,7,15,15,0,1.00E+04,700000,1500000,1500000,0,2200000,0.318181818,0.681818182,1,0,1,1,1,1
1-clone,0,15,15,15,15,5,1.00E+02,100000,12,22,22,0,1.00E+04,1200000,2200000,2200000,0,3400000,0.352941176,0.647058824,1,0,1,1,1,1
1-clone,0,16,16,16,16,9,1.00E+03,1800000,23,43,43,0,1.00E+04,2300000,4300000,4300000,0,6600000,0.348484848,0.651515152,1,0,1,1,1,1
1-clone,0,17,17,17,17,5,1.00E+02,100000,8,9,9,0,1.00E+04,800000,900000,900000,0,1700000,0.470588235,0.529411765,1,0,1,1,1,1
1-clone,0,18,18,18,18,6,1.00E+02,120000,11,14,14,0,1.00E+04,1100000,1400000,1400000,0,2500000,0.44,0.56,1,0,1,1,1,1
1-clone,0,19,19,19,19,6,1.00E+02,120000,11,6,6,0,1.00E+04,1100000,600000,600000,0,1700000,0.647058824,0.352941176,1,0,1,1,1,1
1-clone,0,20,20,20,20,5,1.00E+02,100000,16,5,5,0,1.00E+04,1600000,500000,500000,0,2100000,0.761904762,0.238095238,1,0,1,1,1,1
1-clone,0,21,21,21,21,8,1.00E+02,160000,18,11,11,0,1.00E+04,1800000,1100000,1100000,0,2900000,0.620689655,0.379310345,1,0,1,1,1,1
1-clone,0,22,22,22,22,34,1.00E+01,68000,12,12,12,0,1.00E+04,1200000,1200000,1200000,0,2400000,0.5,0.5,1,0,1,1,1,1
1-clone,0,23,23,23,23,9,1.00E+02,180000,9,11,11,0,1.00E+04,900000,1100000,1100000,0,2000000,0.45,0.55,1,0,1,1,1,1
1-clone,0,24,24,24,24,5,1.00E+02,100000,6,4,4,0,1.00E+04,600000,400000,400000,0,1000000,0.6,0.4,1,0,1,1,1,1
1-clone,1,1,1,1,1,23,1.00E+06,4600000000,61,0,0,,1.00E+06,610000000,0,0,0,610000000,1,0,NA,#DIV/0!,#DIV/0!,0,0,0
1-clone,1,2,2,2,2,33,1.00E+05,660000000,57,2,2,,1.00E+06,570000000,20000000,20000000,0,590000000,0.966101695,0.033898305,1,0,19,0.052631579,0.052631579,0.052631579
1-clone,1,3,3,3,3,17,1.00E+06,3400000000,52,5,5,,1.00E+06,520000000,50000000,50000000,0,570000000,0.912280702,0.087719298,1,0,10.4,0.096153846,0.096153846,0.096153846
1-clone,1,4,4,4,4,20,1.00E+06,4000000000,53,3,3,,1.00E+06,530000000,30000000,30000000,0,560000000,0.946428571,0.053571429,1,0,32.38888889,0.030874786,0.030874786,0.030874786
1-clone,1,5,5,5,5,14,1.00E+06,2800000000,168,6,6,,1.00E+06,1680000000,60000000,60000000,0,1740000000,0.965517241,0.034482759,1,0,24.88888889,0.040178571,0.040178571,0.040178571
1-clone,1,6,6,6,6,16,1.00E+06,3200000000,110,6,6,,1.00E+06,1100000000,60000000,60000000,0,1160000000,0.948275862,0.051724138,1,0,34.83333333,0.028708134,0.028708134,0.028708134
1-clone,1,7,7,7,7,20,1.00E+06,4000000000,204,4,4,,1.00E+06,2040000000,40000000,40000000,0,2080000000,0.980769231,0.019230769,1,0,112.9285714,0.008855155,0.008855155,0.008855155
1-clone,1,8,8,8,8,23,1.00E+06,4600000000,26,4,4,,1.00E+06,260000000,40000000,40000000,0,300000000,0.866666667,0.133333333,1,0,9.533333333,0.104895105,0.104895105,0.104895105
1-clone,1,9,9,9,9,10,1.00E+06,2000000000,96,1,1,,1.00E+06,960000000,10000000,10000000,0,970000000,0.989690722,0.010309278,1,0,48,0.020833333,0.020833333,0.020833333
1-clone,1,10,10,10,10,17,1.00E+06,3400000000,16,2,2,,1.00E+06,160000000,20000000,20000000,0,180000000,0.888888889,0.111111111,1,0,11.42857143,0.0875,0.0875,0.0875
1-clone,1,11,11,11,11,20,1.00E+06,4000000000,6,0,0,,1.00E+06,60000000,0,0,0,60000000,1,0,NA,#DIV/0!,#DIV/0!,0,0,0
1-clone,1,12,12,12,12,8,1.00E+06,1600000000,24,1,1,,1.00E+06,240000000,10000000,10000000,0,250000000,0.96,0.04,1,0,26.18181818,0.038194444,0.038194444,0.038194444
1-clone,1,13,13,13,13,12,1.00E+06,2400000000,52,2,2,,1.00E+06,520000000,20000000,20000000,0,540000000,0.962962963,0.037037037,1,0,23.11111111,0.043269231,0.043269231,0.043269231
1-clone,1,14,14,14,14,15,1.00E+06,3000000000,33,3,3,,1.00E+06,330000000,30000000,30000000,0,360000000,0.916666667,0.083333333,1,0,23.57142857,0.042424242,0.042424242,0.042424242
1-clone,1,15,15,15,15,15,1.00E+06,3000000000,51,4,4,,1.00E+06,510000000,40000000,40000000,0,550000000,0.927272727,0.072727273,1,0,23.375,0.042780749,0.042780749,0.042780749
1-clone,1,16,16,16,16,26,1.00E+06,5200000000,48,3,3,,1.00E+06,480000000,30000000,30000000,0,510000000,0.941176471,0.058823529,1,0,29.91304348,0.033430233,0.033430233,0.033430233
1-clone,1,17,17,17,17,35,1.00E+05,700000000,19,1,1,,1.00E+06,190000000,10000000,10000000,0,200000000,0.95,0.05,1,0,21.375,0.046783626,0.046783626,0.046783626
1-clone,1,18,18,18,18,23,1.00E+06,4600000000,26,0,0,,1.00E+06,260000000,0,0,0,260000000,1,0,NA,#DIV/0!,#DIV/0!,0,0,0
1-clone,1,19,19,19,19,12,1.00E+05,240000000,16,3,3,,1.00E+06,160000000,30000000,30000000,0,190000000,0.842105263,0.157894737,1,0,2.909090909,0.34375,0.34375,0.34375
1-clone,1,20,20,20,20,14,1.00E+06,2800000000,7,0,0,,1.00E+06,70000000,0,0,0,70000000,1,0,NA,#DIV/0!,#DIV/0!,0,0,0
1-clone,1,21,21,21,21,15,1.00E+06,3000000000,15,1,1,,1.00E+06,150000000,10000000,10000000,0,160000000,0.9375,0.0625,1,0,9.166666667,0.109090909,0.109090909,0.109090909
1-clone,1,22,22,22,22,15,1.00E+06,3000000000,18,0,0,,1.00E+06,180000000,0,0,0,180000000,1,0,NA,#DIV/0!,#DIV/0!,0,0,0
1-clone,1,23,23,23,23,17,1.00E+06,3400000000,14,1,1,,1.00E+06,140000000,10000000,10000000,0,150000000,0.933333333,0.066666667,1,0,17.11111111,0.058441558,0.058441558,0.058441558
1-clone,1,24,24,24,24,7,1.00E+06,1400000000,26,4,4,,1.00E+06,260000000,40000000,40000000,0,300000000,0.866666667,0.133333333,1,0,4.333333333,0.230769231,0.230769231,0.230769231
1-clone,2,1,1,1,1,9,1.00E+04,18000000,176,13,13,,1.00E+06,1760000000,130000000,130000000,0,1890000000,0.931216931,0.068783069,1,0,47.38461538,0.021103896,0.021103896,0.021103896
1-clone,2,2,2,2,2,8,1.00E+04,16000000,57,2,2,,1.00E+06,570000000,20000000,20000000,0,590000000,0.966101695,0.033898305,1,0,19,0.052631579,0.052631579,0.052631579
1-clone,2,3,3,3,3,10,1.00E+04,20000000,41,1,1,,1.00E+06,410000000,10000000,10000000,0,420000000,0.976190476,0.023809524,1,0,41,0.024390244,0.024390244,0.024390244
1-clone,2,4,4,4,4,11,1.00E+04,22000000,26,0,0,,1.00E+06,260000000,0,0,0,260000000,1,0,NA,#DIV/0!,#DIV/0!,0,0,0
1-clone,2,5,5,5,5,11,1.00E+04,22000000,51,1,1,,1.00E+06,510000000,10000000,10000000,0,520000000,0.980769231,0.019230769,1,0,45.33333333,0.022058824,0.022058824,0.022058824
1-clone,2,6,6,6,6,7,1.00E+04,14000000,19,0,0,,1.00E+06,190000000,0,0,0,190000000,1,0,NA,#DIV/0!,#DIV/0!,0,0,0
1-clone,2,7,7,7,7,13,1.00E+04,26000000,83,4,4,,1.00E+06,830000000,40000000,40000000,0,870000000,0.954022989,0.045977011,1,0,45.94642857,0.021764477,0.021764477,0.021764477
1-clone,2,8,8,8,8,10,1.00E+04,20000000,118,10,10,,1.00E+06,1180000000,100000000,100000000,0,1280000000,0.921875,0.078125,1,0,17.30666667,0.057781202,0.057781202,0.057781202
1-clone,2,9,9,9,9,10,1.00E+04,20000000,23,7,7,,1.00E+06,230000000,70000000,70000000,0,300000000,0.766666667,0.233333333,1,0,1.642857143,0.608695652,0.608695652,0.608695652
1-clone,2,10,10,10,10,8,1.00E+04,16000000,44,5,5,,1.00E+06,440000000,50000000,50000000,0,490000000,0.897959184,0.102040816,1,0,12.57142857,0.079545455,0.079545455,0.079545455
1-clone,2,11,11,11,11,12,1.00E+04,24000000,15,1,1,,1.00E+06,150000000,10000000,10000000,0,160000000,0.9375,0.0625,1,0,12.5,0.08,0.08,0.08
1-clone,2,12,12,12,12,6,1.00E+04,12000000,324,48,48,,1.00E+06,3240000000,480000000,480000000,0,3720000000,0.870967742,0.129032258,1,0,7.363636364,0.135802469,0.135802469,0.135802469
1-clone,2,13,13,13,13,12,1.00E+04,24000000,29,1,1,,1.00E+06,290000000,10000000,10000000,0,300000000,0.966666667,0.033333333,1,0,25.77777778,0.038793103,0.038793103,0.038793103
1-clone,2,14,14,14,14,10,1.00E+04,20000000,20,1,1,,1.00E+06,200000000,10000000,10000000,0,210000000,0.952380952,0.047619048,1,0,42.85714286,0.023333333,0.023333333,0.023333333
1-clone,2,15,15,15,15,12,1.00E+04,24000000,34,7,7,,1.00E+06,340000000,70000000,70000000,0,410000000,0.829268293,0.170731707,1,0,8.904761905,0.112299465,0.112299465,0.112299465
1-clone,2,16,16,16,16,6,1.00E+05,120000000,62,4,4,,1.00E+06,620000000,40000000,40000000,0,660000000,0.939393939,0.060606061,1,0,28.97826087,0.034508627,0.034508627,0.034508627
1-clone,2,17,17,17,17,18,1.00E+01,36000,21,5,5,,1.00E+06,210000000,50000000,50000000,0,260000000,0.807692308,0.192307692,1,0,4.725,0.211640212,0.211640212,0.211640212
1-clone,2,18,18,18,18,3,1.00E+04,6000000,47,3,3,,1.00E+06,470000000,30000000,30000000,0,500000000,0.94,0.06,1,0,19.93939394,0.050151976,0.050151976,0.050151976
1-clone,2,19,19,19,19,31,1.00E+03,6200000,17,10,10,,1.00E+06,170000000,100000000,100000000,0,270000000,0.62962963,0.37037037,1,0,0.927272727,1.078431373,1.078431373,1.078431373
1-clone,2,20,20,20,20,11,1.00E+04,22000000,28,2,2,,1.00E+06,280000000,20000000,20000000,0,300000000,0.933333333,0.066666667,1,0,4.375,0.228571429,0.228571429,0.228571429
1-clone,2,21,21,21,21,15,1.00E+04,30000000,27,2,2,,1.00E+06,270000000,20000000,20000000,0,290000000,0.931034483,0.068965517,1,0,8.25,0.121212121,0.121212121,0.121212121
1-clone,2,22,22,22,22,7,1.00E+04,14000000,12,1,1,,1.00E+06,120000000,10000000,10000000,0,130000000,0.923076923,0.076923077,1,0,12,0.083333333,0.083333333,0.083333333
1-clone,2,23,23,23,23,14,1.00E+04,28000000,32,3,3,,1.00E+06,320000000,30000000,30000000,0,350000000,0.914285714,0.085714286,1,0,13.03703704,0.076704545,0.076704545,0.076704545
1-clone,2,24,24,24,24,7,1.00E+04,14000000,24,0,0,,1.00E+06,240000000,0,0,0,240000000,1,0,NA,#DIV/0!,#DIV/0!,0,0,0
1-clone,3,1,1,1,1,12,1.00E+02,240000,23,1,1,,1.00E+06,230000000,10000000,10000000,0,240000000,0.958333333,0.041666667,1,0,80.5,0.01242236,0.01242236,0.01242236
1-clone,3,2,2,2,2,11,1.00E+02,220000,36,0,0,,1.00E+06,360000000,0,0,0,360000000,1,0,NA,#DIV/0!,#DIV/0!,0,0,0
1-clone,3,3,3,3,3,8,1.00E+02,160000,16,1,1,,1.00E+06,160000000,10000000,10000000,0,170000000,0.941176471,0.058823529,1,0,16,0.0625,0.0625,0.0625
1-clone,3,4,4,4,4,11,1.00E+02,220000,16,0,0,,1.00E+06,160000000,0,0,0,160000000,1,0,NA,#DIV/0!,#DIV/0!,0,0,0
1-clone,3,5,5,5,5,3,1.00E+02,60000,32,5,5,,1.00E+06,320000000,50000000,50000000,0,370000000,0.864864865,0.135135135,1,0,5.688888889,0.17578125,0.17578125,0.17578125
1-clone,3,6,6,6,6,6,1.00E+02,120000,11,1,1,,1.00E+06,110000000,10000000,10000000,0,120000000,0.916666667,0.083333333,1,0,20.9,0.04784689,0.04784689,0.04784689
1-clone,3,7,7,7,7,17,1.00E+02,340000,11,0,0,,1.00E+06,110000000,0,0,0,110000000,1,0,NA,#DIV/0!,#DIV/0!,0,0,0
1-clone,3,8,8,8,8,11,1.00E+02,220000,13,0,0,,1.00E+06,130000000,0,0,0,130000000,1,0,NA,#DIV/0!,#DIV/0!,0,0,0
1-clone,3,9,9,9,9,13,1.00E+02,260000,22,1,1,,1.00E+06,220000000,10000000,10000000,0,230000000,0.956521739,0.043478261,1,0,11,0.090909091,0.090909091,0.090909091
1-clone,3,10,10,10,10,19,1.00E+02,380000,26,1,1,,1.00E+06,260000000,10000000,10000000,0,270000000,0.962962963,0.037037037,1,0,37.14285714,0.026923077,0.026923077,0.026923077
1-clone,3,11,11,11,11,16,1.00E+02,320000,19,1,1,,1.00E+06,190000000,10000000,10000000,0,200000000,0.95,0.05,1,0,15.83333333,0.063157895,0.063157895,0.063157895
1-clone,3,12,12,12,12,13,1.00E+02,260000,16,0,0,,1.00E+06,160000000,0,0,0,160000000,1,0,NA,#DIV/0!,#DIV/0!,0,0,0
1-clone,3,13,13,13,13,24,1.00E+02,480000,152,2,2,,1.00E+06,1520000000,20000000,20000000,0,1540000000,0.987012987,0.012987013,1,0,67.55555556,0.014802632,0.014802632,0.014802632
1-clone,3,14,14,14,14,10,1.00E+02,200000,67,0,0,,1.00E+06,670000000,0,0,0,670000000,1,0,NA,#DIV/0!,#DIV/0!,0,0,0
1-clone,3,15,15,15,15,25,1.00E+02,500000,112,2,2,,1.00E+06,1120000000,20000000,20000000,0,1140000000,0.98245614,0.01754386,1,0,102.6666667,0.00974026,0.00974026,0.00974026
1-clone,3,16,16,16,16,17,1.00E+02,340000,368,16,16,,1.00E+06,3680000000,160000000,160000000,0,3840000000,0.958333333,0.041666667,1,0,43,0.023255814,0.023255814,0.023255814
1-clone,3,17,17,17,17,15,1.00E+02,300000,44,7,7,,1.00E+06,440000000,70000000,70000000,0,510000000,0.862745098,0.137254902,1,0,7.071428571,0.141414141,0.141414141,0.141414141
1-clone,3,18,18,18,18,12,1.00E+02,240000,25,0,0,,1.00E+06,250000000,0,0,0,250000000,1,0,NA,#DIV/0!,#DIV/0!,0,0,0
1-clone,3,19,19,19,19,8,1.00E+04,16000000,12,5,5,,1.00E+06,120000000,50000000,50000000,0,170000000,0.705882353,0.294117647,1,0,1.309090909,0.763888889,0.763888889,0.763888889
1-clone,3,20,20,20,20,12,1.00E+02,240000,18,0,0,,1.00E+06,180000000,0,0,0,180000000,1,0,NA,#DIV/0!,#DIV/0!,0,0,0
1-clone,3,21,21,21,21,10,1.00E+02,200000,20,0,0,,1.00E+06,200000000,0,0,0,200000000,1,0,NA,#DIV/0!,#DIV/0!,0,0,0
1-clone,3,22,22,22,22,12,1.00E+02,240000,31,3,3,,1.00E+06,310000000,30000000,30000000,0,340000000,0.911764706,0.088235294,1,0,10.33333333,0.096774194,0.096774194,0.096774194
1-clone,3,23,23,23,23,20,1.00E+02,400000,17,3,3,,1.00E+06,170000000,30000000,30000000,0,200000000,0.85,0.15,1,0,6.925925926,0.144385027,0.144385027,0.144385027
1-clone,3,24,24,24,24,7,1.00E+02,140000,66,5,5,,1.00E+06,660000000,50000000,50000000,0,710000000,0.929577465,0.070422535,1,0,8.8,0.113636364,0.113636364,0.113636364
1-clone_control,0,1,1,ancestral,1,24,1.00E+02,480000,8,24,24,,1.00E+04,800000,2400000,2400000,0,3200000,0.25,0.75,1,0,1,1,1,1
1-clone_control,0,2,2,ancestral,2,20,1.00E+02,400000,13,12,12,,1.00E+04,1300000,1200000,1200000,0,2500000,0.52,0.48,1,0,1,1,1,1
1-clone_control,0,3,3,ancestral,3,6,1.00E+02,120000,16,18,18,,1.00E+04,1600000,1800000,1800000,0,3400000,0.470588235,0.529411765,1,0,1,1,1,1
1-clone_control,0,4,4,ancestral,4,7,1.00E+03,1400000,10,21,21,,1.00E+04,1000000,2100000,2100000,0,3100000,0.322580645,0.677419355,1,0,1,1,1,1
1-clone_control,0,5,5,ancestral,5,7,1.00E+03,1400000,27,28,28,,1.00E+04,2700000,2800000,2800000,0,5500000,0.490909091,0.509090909,1,0,1,1,1,1
1-clone_control,0,6,6,ancestral,6,8,1.00E+03,1600000,20,12,12,,1.00E+04,2000000,1200000,1200000,0,3200000,0.625,0.375,1,0,1,1,1,1
1-clone_control,0,7,7,ancestral,7,5,1.00E+03,1000000,25,31,31,,1.00E+04,2500000,3100000,3100000,0,5600000,0.446428571,0.553571429,1,0,1,1,1,1
1-clone_control,0,8,8,ancestral,8,3,1.00E+03,600000,6,34,34,,1.00E+04,600000,3400000,3400000,0,4000000,0.15,0.85,1,0,1,1,1,1
1-clone_control,0,9,9,ancestral,9,5,1.00E+03,1000000,15,9,9,,1.00E+04,1500000,900000,900000,0,2400000,0.625,0.375,1,0,1,1,1,1
1-clone_control,0,10,10,ancestral,10,5,1.00E+03,1000000,11,14,14,,1.00E+04,1100000,1400000,1400000,0,2500000,0.44,0.56,1,0,1,1,1,1
1-clone_control,0,11,11,ancestral,11,5,1.00E+03,1000000,11,12,12,,1.00E+04,1100000,1200000,1200000,0,2300000,0.47826087,0.52173913,1,0,1,1,1,1
1-clone_control,0,12,12,ancestral,12,5,1.00E+03,1000000,14,19,19,,1.00E+04,1400000,1900000,1900000,0,3300000,0.424242424,0.575757576,1,0,1,1,1,1
1-clone_control,0,13,13,ancestral,13,20,1.00E+02,400000,29,10,10,,1.00E+04,2900000,1000000,1000000,0,3900000,0.743589744,0.256410256,1,0,1,1,1,1
1-clone_control,0,14,14,ancestral,14,12,1.00E+02,240000,14,10,10,,1.00E+04,1400000,1000000,1000000,0,2400000,0.583333333,0.416666667,1,0,1,1,1,1
1-clone_control,0,15,15,ancestral,15,21,1.00E+02,420000,29,20,20,,1.00E+04,2900000,2000000,2000000,0,4900000,0.591836735,0.408163265,1,0,1,1,1,1
1-clone_control,0,16,16,ancestral,16,20,1.00E+02,400000,14,30,30,,1.00E+04,1400000,3000000,3000000,0,4400000,0.318181818,0.681818182,1,0,1,1,1,1
1-clone_control,0,17,17,ancestral,17,18,1.00E+02,360000,11,11,11,,1.00E+04,1100000,1100000,1100000,0,2200000,0.5,0.5,1,0,1,1,1,1
1-clone_control,0,18,18,ancestral,18,7,1.00E+03,1400000,27,21,21,,1.00E+04,2700000,2100000,2100000,0,4800000,0.5625,0.4375,1,0,1,1,1,1
1-clone_control,0,19,19,ancestral,19,7,1.00E+03,1400000,15,7,7,,1.00E+04,1500000,700000,700000,0,2200000,0.681818182,0.318181818,1,0,1,1,1,1
1-clone_control,0,20,20,ancestral,20,30,1.00E+02,600000,16,13,13,,1.00E+04,1600000,1300000,1300000,0,2900000,0.551724138,0.448275862,1,0,1,1,1,1
1-clone_control,0,21,21,ancestral,21,8,1.00E+03,1600000,7,15,15,,1.00E+04,700000,1500000,1500000,0,2200000,0.318181818,0.681818182,1,0,1,1,1,1
1-clone_control,0,22,22,ancestral,22,21,1.00E+02,420000,14,16,16,,1.00E+04,1400000,1600000,1600000,0,3000000,0.466666667,0.533333333,1,0,1,1,1,1
1-clone_control,0,23,23,ancestral,23,22,1.00E+02,440000,11,19,19,,1.00E+04,1100000,1900000,1900000,0,3000000,0.366666667,0.633333333,1,0,1,1,1,1
1-clone_control,0,24,24,ancestral,24,5,1.00E+03,1000000,4,6,6,,1.00E+04,400000,600000,600000,0,1000000,0.4,0.6,1,0,1,1,1,1
1-clone_control,1,1,1,ancestral,1,1,1.00E+01,2000,36,50,50,,1.00E+06,360000000,500000000,500000000,0,860000000,0.418604651,0.581395349,1,0,0.730124392,0.081124932,0.081124932,0.081124932
1-clone_control,1,2,2,ancestral,2,6,1.00E+00,1200,17,6,6,,1.00E+06,170000000,60000000,60000000,0,230000000,0.739130435,0.260869565,1,0,0.177984586,0.208884688,0.208884688,0.208884688
1-clone_control,1,3,3,ancestral,3,25,1.00E+02,500000,14,27,27,,1.00E+06,140000000,270000000,270000000,0,410000000,0.341463415,0.658536585,1,0,0.25297442,0.199881023,0.199881023,0.199881023
1-clone_control,1,4,4,ancestral,4,12,1.00E+05,240000000,24,52,52,,1.00E+06,240000000,520000000,520000000,0,760000000,0.315789474,0.684210526,1,0,0.453739612,0.102888801,0.102888801,0.102888801
1-clone_control,1,5,5,ancestral,5,1,1.00E+01,2000,26,28,28,,1.00E+06,260000000,280000000,280000000,0,540000000,0.481481481,0.518518519,1,0,0.258903622,0.240740741,0.240740741,0.240740741
1-clone_control,1,6,6,ancestral,6,11,1.00E+03,2200000,12,18,18,,1.00E+06,120000000,180000000,180000000,0,300000000,0.4,0.6,1,0,0.144,0.4,0.4,0.4
1-clone_control,1,7,7,ancestral,7,16,1.00E+04,32000000,11,9,9,,1.00E+06,110000000,90000000,90000000,0,200000000,0.55,0.45,1,0,0.3069,0.199596774,0.199596774,0.199596774
1-clone_control,1,8,8,ancestral,8,12,1.00E+04,24000000,19,32,32,,1.00E+06,190000000,320000000,320000000,0,510000000,0.37254902,0.62745098,1,0,1.324618736,0.041251103,0.041251103,0.041251103
1-clone_control,1,9,9,ancestral,9,10,1.00E+04,20000000,9,13,13,,1.00E+06,90000000,130000000,130000000,0,220000000,0.409090909,0.590909091,1,0,0.145041322,0.402892562,0.402892562,0.402892562
1-clone_control,1,10,10,ancestral,10,9,1.00E+03,1800000,12,15,15,,1.00E+06,120000000,150000000,150000000,0,270000000,0.444444444,0.555555556,1,0,0.314253648,0.194003527,0.194003527,0.194003527
1-clone_control,1,11,11,ancestral,11,5,1.00E+01,10000,15,15,15,,1.00E+06,150000000,150000000,150000000,0,300000000,0.5,0.5,1,0,0.272727273,0.229166667,0.229166667,0.229166667
1-clone_control,1,12,12,ancestral,12,8,1.00E+03,1600000,18,23,23,,1.00E+06,180000000,230000000,230000000,0,410000000,0.43902439,0.56097561,1,0,0.334239823,0.181470929,0.181470929,0.181470929
1-clone_control,1,13,13,ancestral,13,11,1.00E+03,2200000,15,11,11,,1.00E+06,150000000,110000000,110000000,0,260000000,0.576923077,0.423076923,1,0,0.084166497,0.707840237,0.707840237,0.707840237
1-clone_control,1,14,14,ancestral,14,10,1.00E+02,200000,18,26,26,,1.00E+06,180000000,260000000,260000000,0,440000000,0.409090909,0.590909091,1,0,0.172668241,0.338429752,0.338429752,0.338429752
1-clone_control,1,15,15,ancestral,15,8,1.00E+05,160000000,22,10,10,,1.00E+06,220000000,100000000,100000000,0,320000000,0.6875,0.3125,1,0,0.148168103,0.311523438,0.311523438,0.311523438
1-clone_control,1,16,16,ancestral,16,25,1.00E+01,50000,13,22,22,,1.00E+06,130000000,220000000,220000000,0,350000000,0.371428571,0.628571429,1,0,0.500291545,0.108952381,0.108952381,0.108952381
1-clone_control,1,17,17,ancestral,17,17,1.00E+02,340000,19,17,17,,1.00E+06,190000000,170000000,170000000,0,360000000,0.527777778,0.472222222,1,0,0.249228395,0.249228395,0.249228395,0.249228395
1-clone_control,1,18,18,ancestral,18,7,1.00E+04,14000000,17,23,23,,1.00E+06,170000000,230000000,230000000,0,400000000,0.425,0.575,1,0,0.190069444,0.314196429,0.314196429,0.314196429
1-clone_control,1,19,19,ancestral,19,10,1.00E+03,2000000,13,9,9,,1.00E+06,130000000,90000000,90000000,0,220000000,0.590909091,0.409090909,1,0,0.112809917,0.518004723,0.518004723,0.518004723
1-clone_control,1,20,20,ancestral,20,6,1.00E+00,1200,27,23,23,,1.00E+06,270000000,230000000,230000000,0,500000000,0.54,0.46,1,0,0.201825,0.305723077,0.305723077,0.305723077
1-clone_control,1,21,21,ancestral,21,16,1.00E+05,320000000,11,4,4,,1.00E+06,110000000,40000000,40000000,0,150000000,0.733333333,0.266666667,1,0,0.419047619,0.091259259,0.091259259,0.091259259
1-clone_control,1,22,22,ancestral,22,15,1.00E+01,30000,9,23,23,,1.00E+06,90000000,230000000,230000000,0,320000000,0.28125,0.71875,1,0,0.231026786,0.176879883,0.176879883,0.176879883
1-clone_control,1,23,23,ancestral,23,8,1.00E+04,16000000,10,18,18,,1.00E+06,100000000,180000000,180000000,0,280000000,0.357142857,0.642857143,1,0,0.396567718,0.13292159,0.13292159,0.13292159
1-clone_control,1,24,24,ancestral,24,7,1.00E+03,1400000,33,8,8,,1.00E+06,330000000,80000000,80000000,0,410000000,0.804878049,0.195121951,1,0,0.235574063,0.104699584,0.104699584,0.104699584
1-clone_control,2,1,1,ancestral,1,50,1.00E+00,10000,52,49,49,,1.00E+06,520000000,490000000,490000000,0,1010000000,0.514851485,0.485148515,1,0,0.7493383,0.083259811,0.083259811,0.083259811
1-clone_control,2,2,2,ancestral,2,7,1.00E+00,1400,85,17,17,,1.00E+06,850000000,170000000,170000000,0,1020000000,0.833333333,0.166666667,1,0,0.128205128,0.150462963,0.150462963,0.150462963
1-clone_control,2,3,3,ancestral,3,8,1.00E+06,1600000000,88,4,4,,1.00E+06,880000000,40000000,40000000,0,920000000,0.956521739,0.043478261,1,0,0.046786389,0.036967024,0.036967024,0.036967024
1-clone_control,2,4,4,ancestral,4,8,1.00E+06,1600000000,206,12,12,,1.00E+06,2060000000,120000000,120000000,0,2180000000,0.944954128,0.055045872,1,0,0.10923323,0.02476944,0.02476944,0.02476944
1-clone_control,2,5,5,ancestral,5,13,1.00E+00,2600,72,24,24,,1.00E+06,720000000,240000000,240000000,0,960000000,0.75,0.25,1,0,0.194444444,0.180803571,0.180803571,0.180803571
1-clone_control,2,6,6,ancestral,6,10,1.00E+06,2000000000,26,3,3,,1.00E+06,260000000,30000000,30000000,0,290000000,0.896551724,0.103448276,1,0,0.055648038,0.154577883,0.154577883,0.154577883
1-clone_control,2,7,7,ancestral,7,7,1.00E+06,1400000000,23,0,0,,1.00E+06,230000000,0,0,0,230000000,1,0,NA,#DIV/0!,0,0,0,0
1-clone_control,2,8,8,ancestral,8,7,1.00E+06,1400000000,23,6,6,,1.00E+06,230000000,60000000,60000000,0,290000000,0.793103448,0.206896552,1,0,0.929845422,0.028957124,0.028957124,0.028957124
1-clone_control,2,9,9,ancestral,9,24,1.00E+05,480000000,29,2,2,,1.00E+06,290000000,20000000,20000000,0,310000000,0.935483871,0.064516129,1,0,0.036212279,0.100589664,0.100589664,0.100589664
1-clone_control,2,10,10,ancestral,10,13,1.00E+06,2600000000,73,12,12,,1.00E+06,730000000,120000000,120000000,0,850000000,0.858823529,0.141176471,1,0,0.154312677,0.095264459,0.095264459,0.095264459
1-clone_control,2,11,11,ancestral,11,8,1.00E+06,1600000000,52,10,10,,1.00E+06,520000000,100000000,100000000,0,620000000,0.838709677,0.161290323,1,0,0.14757355,0.124002775,0.124002775,0.124002775
1-clone_control,2,12,12,ancestral,12,5,1.00E+06,1000000000,62,2,2,,1.00E+06,620000000,20000000,20000000,0,640000000,0.96875,0.03125,1,0,0.041085379,0.022306743,0.022306743,0.022306743
1-clone_control,2,13,13,ancestral,13,25,1.00E+05,500000000,90,3,3,,1.00E+06,900000000,30000000,30000000,0,930000000,0.967741935,0.032258065,1,0,0.010764649,0.090530697,0.090530697,0.090530697
1-clone_control,2,14,14,ancestral,14,7,1.00E+07,14000000000,80,0,0,,1.00E+06,800000000,0,0,0,800000000,1,0,NA,#DIV/0!,0,0,0,0
1-clone_control,2,15,15,ancestral,15,8,1.00E+06,1600000000,128,30,30,,1.00E+06,1280000000,300000000,300000000,0,1580000000,0.810126582,0.189873418,1,0,0.106083795,0.223041179,0.223041179,0.223041179
1-clone_control,2,16,16,ancestral,16,12,1.00E+06,2400000000,55,11,11,,1.00E+06,550000000,110000000,110000000,0,660000000,0.833333333,0.166666667,1,0,0.297619048,0.064814815,0.064814815,0.064814815
1-clone_control,2,17,17,ancestral,1,5,1.00E+05,100000000,45,15,15,,1.00E+06,450000000,150000000,150000000,0,600000000,0.75,0.25,1,0,0.1875,0.1875,0.1875,0.1875
1-clone_control,2,18,18,ancestral,4,25,1.00E+05,500000000,72,5,5,,1.00E+06,720000000,50000000,50000000,0,770000000,0.935064935,0.064935065,1,0,0.047225502,0.078066646,0.078066646,0.078066646
1-clone_control,2,19,19,ancestral,7,4,1.00E+06,800000000,17,1,1,,1.00E+06,170000000,10000000,10000000,0,180000000,0.944444444,0.055555556,1,0,0.024485597,0.112433862,0.112433862,0.112433862
1-clone_control,2,20,20,ancestral,10,0,1.00E+00,0,46,46,46,,1.00E+06,460000000,460000000,460000000,0,920000000,0.5,0.5,1,0,0.203125,0.307692308,0.307692308,0.307692308
1-clone_control,2,21,21,ancestral,14,13,1.00E+05,260000000,23,2,2,,1.00E+06,230000000,20000000,20000000,0,250000000,0.92,0.08,1,0,0.157714286,0.034346667,0.034346667,0.034346667
1-clone_control,2,22,22,ancestral,17,8,1.00E+06,1600000000,45,2,2,,1.00E+06,450000000,20000000,20000000,0,470000000,0.957446809,0.042553191,1,0,0.046562763,0.035649615,0.035649615,0.035649615
1-clone_control,2,23,23,ancestral,19,6,1.00E+06,1200000000,75,1,1,,1.00E+06,750000000,10000000,10000000,0,760000000,0.986842105,0.013157895,1,0,0.02242823,0.007517495,0.007517495,0.007517495
1-clone_control,2,24,24,ancestral,22,8,1.00E+06,1600000000,108,2,2,,1.00E+06,1080000000,20000000,20000000,0,1100000000,0.981818182,0.018181818,1,0,0.02677686,0.011900826,0.011900826,0.011900826
1-clone_control,3,1,1,ancestral,1,0,1.00E+00,0,12,17,17,,1.00E+06,120000000,170000000,170000000,0,290000000,0.413793103,0.586206897,1,0,0.727705113,0.080856124,0.080856124,0.080856124
1-clone_control,3,2,2,ancestral,4,9,1.00E+00,1800,19,4,4,,1.00E+06,190000000,40000000,40000000,0,230000000,0.826086957,0.173913043,1,0,0.132615966,0.155639572,0.155639572,0.155639572
1-clone_control,3,3,3,ancestral,7,12,1.00E+04,24000000,34,0,0,,1.00E+06,340000000,0,0,0,340000000,1,0,NA,#DIV/0!,0,0,0,0
1-clone_control,3,4,4,ancestral,10,12,1.00E+04,24000000,33,1,1,,1.00E+06,330000000,10000000,10000000,0,340000000,0.970588235,0.029411765,1,0,0.059948097,0.013593673,0.013593673,0.013593673
1-clone_control,3,5,5,ancestral,14,23,1.00E+02,460000,23,36,36,,1.00E+06,230000000,360000000,360000000,0,590000000,0.389830508,0.610169492,1,0,0.246672412,0.229367587,0.229367587,0.229367587
1-clone_control,3,6,6,ancestral,17,17,1.00E+04,34000000,16,0,0,,1.00E+06,160000000,0,0,0,160000000,1,0,NA,#DIV/0!,0,0,0,0
1-clone_control,3,7,7,ancestral,19,9,1.00E+04,18000000,29,1,1,,1.00E+06,290000000,10000000,10000000,0,300000000,0.966666667,0.033333333,1,0,0.039955556,0.025985663,0.025985663,0.025985663
1-clone_control,3,8,8,ancestral,22,15,1.00E+05,300000000,23,1,1,,1.00E+06,230000000,10000000,10000000,0,240000000,0.958333333,0.041666667,1,0,0.226273148,0.007046569,0.007046569,0.007046569
1-clone_control,3,9,9,ancestral,1,10,1.00E+04,20000000,40,4,4,,1.00E+06,400000000,40000000,40000000,0,440000000,0.909090909,0.090909091,1,0,0.049586777,0.137741047,0.137741047,0.137741047
1-clone_control,3,10,10,ancestral,4,9,1.00E+04,18000000,36,5,5,,1.00E+06,360000000,50000000,50000000,0,410000000,0.87804878,0.12195122,1,0,0.136282516,0.084133594,0.084133594,0.084133594
1-clone_control,3,11,11,ancestral,7,24,1.00E+04,48000000,21,5,5,,1.00E+06,210000000,50000000,50000000,0,260000000,0.807692308,0.192307692,1,0,0.169445939,0.142381657,0.142381657,0.142381657
1-clone_control,3,12,12,ancestral,10,14,1.00E+04,28000000,20,1,1,,1.00E+06,200000000,10000000,10000000,0,210000000,0.952380952,0.047619048,1,0,0.061548429,0.033416876,0.033416876,0.033416876
1-clone_control,3,13,13,ancestral,14,5,1.00E+05,100000000,110,8,8,,1.00E+06,1100000000,80000000,80000000,0,1180000000,0.93220339,0.06779661,1,0,0.021793183,0.183280666,0.183280666,0.183280666
1-clone_control,3,14,14,ancestral,17,17,1.00E+04,34000000,47,4,4,,1.00E+06,470000000,40000000,40000000,0,510000000,0.921568627,0.078431373,1,0,0.051628495,0.101191849,0.101191849,0.101191849
1-clone_control,3,15,15,ancestral,19,20,1.00E+03,4000000,192,8,8,,1.00E+06,1920000000,80000000,80000000,0,2000000000,0.96,0.04,1,0,0.026482759,0.05568,0.05568,0.05568
1-clone_control,3,16,16,ancestral,22,6,1.00E+05,120000000,528,120,120,,1.00E+06,5280000000,1200000000,1200000000,0,6480000000,0.814814815,0.185185185,1,0,0.323339212,0.070416095,0.070416095,0.070416095
1-clone_control,3,17,17,ancestral,1,12,1.00E+03,2400000,64,17,17,,1.00E+06,640000000,170000000,170000000,0,810000000,0.790123457,0.209876543,1,0,0.16582838,0.16582838,0.16582838,0.16582838
1-clone_control,3,18,18,ancestral,4,11,1.00E+04,22000000,58,2,2,,1.00E+06,580000000,20000000,20000000,0,600000000,0.966666667,0.033333333,1,0,0.025061728,0.041428571,0.041428571,0.041428571
1-clone_control,3,19,19,ancestral,7,6,1.00E+05,120000000,46,4,4,,1.00E+06,460000000,40000000,40000000,0,500000000,0.92,0.08,1,0,0.034346667,0.157714286,0.157714286,0.157714286
1-clone_control,3,20,20,ancestral,10,0,1.00E+00,0,25,32,32,,1.00E+06,250000000,320000000,320000000,0,570000000,0.438596491,0.561403509,1,0,0.200061557,0.303051827,0.303051827,0.303051827
1-clone_control,3,21,21,ancestral,14,8,1.00E+04,16000000,134,7,7,,1.00E+06,1340000000,70000000,70000000,0,1410000000,0.95035461,0.04964539,1,0,0.101101554,0.022017672,0.022017672,0.022017672
1-clone_control,3,22,22,ancestral,17,6,1.00E+05,120000000,69,11,11,,1.00E+06,690000000,110000000,110000000,0,800000000,0.8625,0.1375,1,0,0.135535714,0.103769531,0.103769531,0.103769531
1-clone_control,3,23,23,ancestral,19,12,1.00E+04,24000000,33,2,2,,1.00E+06,330000000,20000000,20000000,0,350000000,0.942857143,0.057142857,1,0,0.093061224,0.031192266,0.031192266,0.031192266
1-clone_control,3,24,24,ancestral,22,20,1.00E+04,40000000,26,2,2,,1.00E+06,260000000,20000000,20000000,0,280000000,0.928571429,0.071428571,1,0,0.099489796,0.044217687,0.044217687,0.044217687
12-clone,0,1,01-Dec,1,1,3,1.00E+03,600000,15,25,1,24,1.00E+04,1500000,2500000,100000,2400000,4000000,0.375,0.625,0.04,0.96,1,1,1,1
12-clone,0,2,01-Dec,4,4,17,1.00E+03,3400000,12,17,2,15,1.00E+04,1200000,1700000,200000,1500000,2900000,0.413793103,0.586206897,0.117647059,0.882352941,1,1,1,1
12-clone,0,3,01-Dec,7,7,16,1.00E+03,3200000,,0,,,,0,0,0,0,0,0.5,0.5,0.08,0.92,1,1,1,1
12-clone,0,4,01-Dec,10,10,16,1.00E+03,3200000,28,26,2,24,1.00E+03,280000,260000,20000,240000,540000,0.518518519,0.481481481,0.076923077,0.923076923,1,1,1,1
12-clone,0,5,13-24,14,14,12,1.00E+03,2400000,31,18,3,15,1.00E+04,3100000,1800000,300000,1500000,4900000,0.632653061,0.367346939,0.166666667,0.833333333,1,1,1,1
12-clone,0,6,13-25,17,17,17,1.00E+03,3400000,29,28,5,23,1.00E+03,290000,280000,50000,230000,570000,0.50877193,0.49122807,0.178571429,0.821428571,1,1,1,1
12-clone,0,7,13-26,19,19,14,1.00E+03,2800000,20,26,1,25,1.00E+03,200000,260000,10000,250000,460000,0.434782609,0.565217391,0.038461538,0.961538462,1,1,1,1
12-clone,0,8,13-27,22,22,16,1.00E+03,3200000,21,19,2,17,1.00E+04,2100000,1900000,200000,1700000,4000000,0.525,0.475,0.105263158,0.894736842,1,1,1,1
12-clone,1,1,01-Dec,1,1,27,1.00E+01,54000,32,48,3,45,1.00E+06,320000000,480000000,3.00E+07,450000000,800000000,0.4,0.6,0.0625,0.9375,1.111111111,0.9,1.6,0.625
12-clone,1,2,01-Dec,4,4,9,1.00E+02,180000,20,24,2,22,1.00E+06,200000000,240000000,30000000,220000000,440000000,0.454545455,0.545454545,0.12,0.88,1.180555556,0.847058824,1.022727273,0.977777778
12-clone,1,3,01-Dec,7,7,18,1.00E+01,36000,40,34,4,30,1.00E+05,40000000,34000000,2000000,30000000,74000000,0.505647582,0.491200341,0.097958274,0.902041726,1.022848405,0.965410122,1.248855916,0.800732885
12-clone,1,4,01-Dec,10,10,37,1.00E+01,74000,37,29,2,27,1.00E+06,370000000,290000000,2.00E+07,270000000,660000000,0.560606061,0.439393939,0.068965517,0.931034483,1.184729064,0.844074844,0.888888889,1.125
12-clone,1,5,13-24,14,14,5,1.00E+02,100000,52,52,2,50,1.00E+06,520000000,520000000,20000000,500000000,1040000000,0.5,0.5,0.038461538,0.961538462,0.580645161,1.722222222,0.2,5
12-clone,1,6,13-25,17,17,7,1.00E+02,140000,22,24,3,21,1.00E+06,220000000,240000000,20000000,210000000,460000000,0.47826087,0.52173913,0.086956522,0.913043478,0.885057471,1.12987013,0.438095238,2.282608696
12-clone,1,7,13-26,19,19,6,1.00E+00,1200,12,8,2,6,1.00E+06,120000000,80000000,30000000,60000000,200000000,0.6,0.4,0.333333333,0.666666667,1.95,0.512820513,12.5,0.08
12-clone,1,8,13-27,22,22,27,1.00E+01,54000,25,23,2,21,1.00E+06,250000000,230000000,2.00E+07,210000000,480000000,0.520833333,0.479166667,0.086956522,0.913043478,0.983436853,1.016842105,0.80952381,1.235294118
12-clone,2,1,01-Dec,1,1,2,1.00E+00,2400,37,50,1,49,1.00E+06,370000000,500000000,10000000,490000000,870000000,0.425287356,0.574712644,0.02,0.98,1.233333333,0.810810811,0.489795918,2.041666667
12-clone,2,2,01-Dec,4,4,12,1.00E+00,5400,43,38,1,37,1.00E+06,430000000,380000000,10000000,370000000,810000000,0.530864198,0.469135802,0.026315789,0.973684211,1.603070175,0.62380301,0.202702703,4.933333333
12-clone,2,3,01-Dec,7,7,0,1.00E+00,400,90,64,2,62,1.00E+06,900000000,640000000,20000000,620000000,1540000000,0.584415584,0.415584416,0.03125,0.96875,1.40625,0.711111111,0.370967742,2.695652174
12-clone,2,4,01-Dec,10,10,9,1.00E+00,1800,,0,,,,0,0,0,0,0,#DIV/0!,#DIV/0!,NA,#DIV/0!,1.428571429,0.7,0,#DIV/0!
12-clone,2,5,13-24,14,14,3,1.00E+00,600,106,47,5,42,1.00E+06,1060000000,470000000,50000000,420000000,1530000000,0.692810458,0.307189542,0.106382979,0.893617021,1.309540151,0.763626834,0.595238095,1.68
12-clone,2,6,13-25,17,17,5,1.00E+00,1000,30,12,1,11,1.00E+06,300000000,120000000,10000000,110000000,420000000,0.714285714,0.285714286,0.083333333,0.916666667,2.413793103,0.414285714,0.418181818,2.391304348
12-clone,2,7,13-26,19,19,4,1.00E+00,800,23,22,5,17,1.00E+06,230000000,220000000,50000000,170000000,450000000,0.511111111,0.488888889,0.227272727,0.772727273,1.359090909,0.735785953,7.352941176,0.136
12-clone,2,8,13-27,22,22,16,1.00E+01,32000,110,67,3,64,1.00E+06,1100000000,670000000,30000000,640000000,1770000000,0.621468927,0.378531073,0.044776119,0.955223881,1.485429993,0.673205742,0.3984375,2.509803922
12-clone,3,1,01-Dec,1,1,0,1.00E+00,0,,0,,,,0,0,0,0,0,#DIV/0!,#DIV/0!,NA,#DIV/0!,0.679245283,1.472222222,0.326923077,3.058823529
12-clone,3,2,01-Dec,4,4,9,1.00E+00,1800,,0,,,,0,0,0,0,0,#DIV/0!,#DIV/0!,NA,#DIV/0!,0.9375,1.066666667,0.861538462,1.160714286
12-clone,3,3,01-Dec,7,7,0,1.00E+00,0,20,10,1,9,1.00E+06,200000000,100000000,10000000,90000000,300000000,0.666666667,0.333333333,0.1,0.9,2,0.5,1.277777778,0.782608696
12-clone,3,4,01-Dec,10,10,0,1.00E+00,0,,0,,,,0,0,0,0,0,#DIV/0!,#DIV/0!,NA,#DIV/0!,0.464788732,2.151515152,0.441176471,2.266666667
12-clone,3,5,13-24,14,14,0,1.00E+00,0,12,10,1,9,1.00E+06,120000000,100000000,10000000,90000000,220000000,0.545454545,0.454545455,0.1,0.9,0.696774194,1.435185185,0.555555556,1.8
12-clone,3,6,13-25,17,17,0,1.00E+00,0,9,12,1,11,1.00E+06,90000000,120000000,10000000,110000000,210000000,0.428571429,0.571428571,0.083333333,0.916666667,0.724137931,1.380952381,0.418181818,2.391304348
12-clone,3,7,13-26,19,19,15,1.00E+00,3000,12,13,5,8,1.00E+06,120000000,130000000,50000000,80000000,250000000,0.48,0.52,0.384615385,0.615384615,1.2,0.833333333,15.625,0.064
12-clone,3,8,13-27,22,22,0,1.00E+00,0,25,15,2,13,1.00E+06,250000000,150000000,20000000,130000000,400000000,0.625,0.375,0.133333333,0.866666667,1.507936508,0.663157895,1.307692308,0.764705882
24-clone,0,1,Jan-24,1,1,13,1.00E+03,2600000,23,13,1,12,1.00E+04,2300000,1300000,100000,1200000,3600000,0.638888889,0.361111111,0.076923077,0.923076923,1,1,1,1
24-clone,0,2,Jan-24,4,4,16,1.00E+03,3200000,35,50,7,43,1.00E+03,350000,500000,70000,430000,850000,0.411764706,0.588235294,0.14,0.86,1,1,1,1
24-clone,0,3,Jan-24,7,7,16,1.00E+03,3200000,11,11,1,10,1.00E+04,1100000,1100000,100000,1000000,2200000,0.5,0.5,0.090909091,0.909090909,1,1,1,1
24-clone,0,4,Jan-24,10,10,14,1.00E+03,2800000,21,31,2,29,1.00E+03,210000,310000,20000,290000,520000,0.403846154,0.596153846,0.064516129,0.935483871,1,1,1,1
24-clone,0,5,Jan-24,13,13,8,1.00E+03,1600000,31,18,3,15,1.00E+03,310000,180000,30000,150000,490000,0.632653061,0.367346939,0.166666667,0.833333333,1,1,1,1
24-clone,0,6,Jan-24,16,16,14,1.00E+03,2800000,42,51,3,48,1.00E+03,420000,510000,30000,480000,930000,0.451612903,0.548387097,0.058823529,0.941176471,1,1,1,1
24-clone,0,7,Jan-24,19,19,8,1.00E+03,1600000,32,62,1,61,1.00E+03,320000,620000,10000,610000,940000,0.340425532,0.659574468,0.016129032,0.983870968,1,1,1,1
24-clone,0,8,Jan-24,22,22,10,1.00E+03,2000000,27,48,3,45,1.00E+03,270000,480000,30000,450000,750000,0.36,0.64,0.0625,0.9375,1,1,1,1
24-clone,1,1,Jan-24,1,1,12,1.00E+01,24000,39,43,4,39,1.00E+06,390000000,430000000,40000000,390000000,820000000,0.475609756,0.524390244,0.093023256,0.906976744,0.512639029,1.950690335,1.230769231,0.8125
24-clone,1,2,Jan-24,4,4,27,1.00E+01,54000,36,23,1,22,1.00E+06,360000000,230000000,10000000,220000000,590000000,0.610169492,0.389830508,0.043478261,0.956521739,2.236024845,0.447222222,0.279220779,3.581395349
24-clone,1,3,Jan-24,7,7,2,1.00E+00,400,35,46,2,44,1.00E+06,350000000,460000000,20000000,440000000,810000000,0.432098765,0.567901235,0.043478261,0.956521739,0.760869565,1.314285714,0.454545455,2.2
24-clone,1,4,Jan-24,10,10,28,1.00E+00,5600,63,53,1,52,1.00E+05,63000000,53000000,1000000,52000000,116000000,0.0625,0.9375,0.044444444,0.955555556,1.3,0.769230769,1.76744186,0.565789474
24-clone,1,5,Jan-24,13,13,12,1.00E+00,2400,73,33,2,31,1.00E+06,730000000,330000000,20000000,310000000,1060000000,0.688679245,0.311320755,0.060606061,0.939393939,1.284457478,0.778538813,0.322580645,3.1
24-clone,1,6,Jan-24,16,16,6,1.00E+01,12000,36,36,1,35,1.00E+05,36000000,36000000,1000000,35000000,72000000,0.044444444,0.955555556,0.069767442,0.930232558,0.056478405,1.22,1.2,0.833333333
24-clone,1,7,Jan-24,19,19,6,1.00E+00,1200,30,40,1,39,1.00E+06,300000000,400000000,10000000,390000000,700000000,0.428571429,0.571428571,0.025,0.975,1.453125,0.688172043,1.564102564,0.639344262
24-clone,1,8,Jan-24,22,22,21,1.00E+00,4200,16,17,1,16,1.00E+06,160000000,170000000,10000000,160000000,330000000,0.484848485,0.515151515,0.058823529,0.941176471,1.673202614,0.59765625,0.9375,1.066666667
24-clone,2,1,Jan-24,1,1,0,1.00E+00,0,33,25,2,23,1.00E+06,330000000,250000000,20000000,230000000,580000000,0.568965517,0.431034483,0.08,0.92,0.746086957,1.34032634,1.043478261,0.958333333
24-clone,2,2,Jan-24,4,4,13,1.00E+00,2600,24,19,2,17,1.00E+06,240000000,190000000,20000000,170000000,430000000,0.558139535,0.441860465,0.105263158,0.894736842,1.804511278,0.554166667,0.722689076,1.38372093
24-clone,2,3,Jan-24,7,7,0,1.00E+00,0,,0,,,,0,0,0,0,0,0.012820513,0.987179487,0.038961039,0.961038961,0.253246753,3.948717949,1.540540541,0.649122807
24-clone,2,4,Jan-24,10,10,1,1.00E+00,200,27,18,1,17,1.00E+06,270000000,180000000,10000000,170000000,450000000,0.6,0.4,0.055555556,0.944444444,2.214285714,0.451612903,0.852941176,1.172413793
24-clone,2,5,Jan-24,13,13,2,1.00E+00,400,223,10,1,9,1.00E+06,2230000000,100000000,10000000,90000000,2330000000,0.957081545,0.042918455,0.1,0.9,12.9483871,0.077229696,0.555555556,1.8
24-clone,2,6,Jan-24,16,16,0,1.00E+00,0,48,55,3,52,1.00E+06,480000000,550000000,30000000,520000000,1030000000,0.466019417,0.533980583,0.054545455,0.945454545,1.05974026,0.943627451,0.923076923,1.083333333
24-clone,2,7,Jan-24,19,19,0,1.00E+00,0,42,38,1,37,1.00E+06,420000000,380000000,10000000,370000000,800000000,0.525,0.475,0.026315789,0.973684211,2.141447368,0.466973886,1.648648649,0.606557377
24-clone,2,8,Jan-24,22,22,8,1.00E+00,1600,18,23,1,22,1.00E+06,180000000,230000000,10000000,220000000,410000000,0.43902439,0.56097561,0.043478261,0.956521739,1.391304348,0.71875,0.681818182,1.466666667
24-clone,3,1,Jan-24,1,1,0,0.00E+00,0,,0,,,,0,0,0,0,0,#DIV/0!,#DIV/0!,NA,#DIV/0!,1.523809524,0.65625,3.65625,0.273504274
24-clone,3,2,Jan-24,4,4,2,1.00E+00,400,8,23,1,22,1.00E+06,80000000,230000000,10000000,220000000,310000000,0.258064516,0.741935484,0.043478261,0.956521739,0.49689441,2.0125,0.279220779,3.581395349
24-clone,3,3,Jan-24,7,7,0,0.00E+00,0,,0,,,,0,0,0,0,0,#DIV/0!,#DIV/0!,NA,#DIV/0!,1.65,0.606060606,1.764705882,0.566666667
24-clone,3,4,Jan-24,10,10,0,0.00E+00,0,49,29,1,28,1.00E+06,490000000,290000000,10000000,280000000,780000000,0.628205128,0.371794872,0.034482759,0.965517241,2.494252874,0.400921659,0.517857143,1.931034483
24-clone,3,5,Jan-24,13,13,0,0.00E+00,0,20,18,3,15,1.00E+06,200000000,180000000,30000000,150000000,380000000,0.526315789,0.473684211,0.166666667,0.833333333,0.64516129,1.55,1,1
24-clone,3,6,Jan-24,16,16,0,0.00E+00,0,,0,,,,0,0,0,0,0,#DIV/0!,#DIV/0!,NA,#DIV/0!,2.058823529,0.485714286,0.580645161,1.722222222
24-clone,3,7,Jan-24,19,19,0,0.00E+00,0,11,16,4,12,1.00E+06,110000000,160000000,40000000,120000000,270000000,0.407407407,0.592592593,0.25,0.75,1.33203125,0.750733138,20.33333333,0.049180328
24-clone,3,8,Jan-24,22,22,0,0.00E+00,0,51,39,2,37,1.00E+06,510000000,390000000,20000000,370000000,900000000,0.566666667,0.433333333,0.051282051,0.948717949,2.324786325,0.430147059,0.810810811,1.233333333
24-clone_control,0,1,Jan-24,ancestral,1,7,1.00E+03,1400000,22,12,1,11,1.00E+04,2200000,1200000,100000,1100000,3400000,0.647058824,0.352941176,0.083333333,0.916666667,1,1,1,1
24-clone_control,0,2,Jan-24,ancestral,4,3,1.00E+03,600000,37,60,6,54,1.00E+03,370000,600000,60000,540000,970000,0.381443299,0.618556701,0.1,0.9,1,1,1,1
24-clone_control,0,3,Jan-24,ancestral,7,16,1.00E+03,3200000,,0,,,,0,0,0,0,0,0.5,0.5,0.04,0.96,1,1,1,1
24-clone_control,0,4,Jan-24,ancestral,10,12,1.00E+03,2400000,10,20,4,16,1.00E+03,100000,200000,40000,160000,300000,0.333333333,0.666666667,0.2,0.8,1,1,1,1
24-clone_control,0,5,Jan-24,ancestral,13,7,1.00E+03,1400000,16,22,2,20,1.00E+04,1600000,2200000,200000,2000000,3800000,0.421052632,0.578947368,0.090909091,0.909090909,1,1,1,1
24-clone_control,0,6,Jan-24,ancestral,16,3,1.00E+03,600000,6,16,1,15,1.00E+04,600000,1600000,100000,1500000,2200000,0.272727273,0.727272727,0.0625,0.9375,1,1,1,1
24-clone_control,0,7,Jan-24,ancestral,19,4,1.00E+03,800000,6,14,1,13,1.00E+04,600000,1400000,100000,1300000,2000000,0.3,0.7,0.071428571,0.928571429,1,1,1,1
24-clone_control,0,8,Jan-24,ancestral,22,8,1.00E+03,1600000,,0,,,,0,0,0,0,0,0.5,0.5,0.04,0.96,1,1,1,1
24-clone_control,1,1,Jan-24,ancestral,1,0,1.00E+00,0,,0,,,,0,0,0,0,0,0.014492754,0.985507246,0.029411765,0.970588235,0.073529412,13.6,0.159090909,6.285714286
24-clone_control,1,2,Jan-24,ancestral,4,3,1.00E+00,600,38,33,2,31,1.00E+06,380000000,330000000,20000000,310000000,710000000,0.535211268,0.464788732,0.060606061,0.939393939,1.867321867,0.535526316,0.580645161,1.722222222
24-clone_control,1,3,Jan-24,ancestral,7,0,1.00E+00,0,33,23,1,22,1.00E+06,330000000,230000000,10000000,220000000,560000000,0.589285714,0.410714286,0.043478261,0.956521739,1.434782609,0.696969697,1.090909091,0.916666667
24-clone_control,1,4,Jan-24,ancestral,10,1,1.00E+00,200,11,14,1,13,1.00E+06,110000000,140000000,10000000,130000000,250000000,0.44,0.56,0.071428571,0.928571429,1.571428571,0.636363636,0.307692308,3.25
24-clone_control,1,5,Jan-24,ancestral,13,1,1.00E+00,200,30,60,3,57,1.00E+06,300000000,600000000,30000000,570000000,900000000,0.333333333,0.666666667,0.05,0.95,0.6875,1.454545455,0.526315789,1.9
24-clone_control,1,6,Jan-24,ancestral,16,2,1.00E+00,400,18,24,2,22,1.00E+05,18000000,24000000,2000000,22000000,42000000,0.010869565,0.989130435,0.076923077,0.923076923,0.029304029,1.3,1.25,0.8
24-clone_control,1,7,Jan-24,ancestral,19,2,1.00E+00,400,27,34,1,33,1.00E+06,270000000,340000000,10000000,330000000,610000000,0.442622951,0.557377049,0.029411765,0.970588235,1.852941176,0.53968254,0.393939394,2.538461538
24-clone_control,1,8,Jan-24,ancestral,22,0,1.00E+00,0,19,20,1,19,1.00E+06,190000000,200000000,10000000,190000000,390000000,0.487179487,0.512820513,0.05,0.95,0.95,1.052631579,1.263157895,0.791666667
24-clone_control,2,1,Jan-24,ancestral,1,0,1.00E+00,0,31,16,3,13,1.00E+06,310000000,160000000,30000000,130000000,470000000,0.659574468,0.340425532,0.1875,0.8125,1.056818182,0.007590133,2.538461538,0.393939394
24-clone_control,2,2,Jan-24,ancestral,4,0,1.00E+00,0,52,31,3,28,1.00E+06,520000000,310000000,30000000,280000000,830000000,0.626506024,0.373493976,0.096774194,0.903225806,2.720139494,0.367628205,0.964285714,1.037037037
24-clone_control,2,3,Jan-24,ancestral,7,0,1.00E+00,0,140,129,3,126,1.00E+06,1400000000,1290000000,30000000,1260000000,2690000000,0.520446097,0.479553903,0.023255814,0.976744186,1.085271318,0.921428571,0.571428571,1.75
24-clone_control,2,4,Jan-24,ancestral,10,0,1.00E+00,0,36,20,1,19,1.00E+06,360000000,200000000,10000000,190000000,560000000,0.642857143,0.357142857,0.05,0.95,3.6,0.277777778,0.210526316,4.75
24-clone_control,2,5,Jan-24,ancestral,13,0,1.00E+00,0,96,98,2,96,1.00E+06,960000000,980000000,20000000,960000000,1940000000,0.494845361,0.505154639,0.020408163,0.979591837,1.346938776,0.742424242,0.208333333,4.8
24-clone_control,2,6,Jan-24,ancestral,16,0,1.00E+00,0,25,36,2,34,1.00E+06,250000000,360000000,20000000,340000000,610000000,0.409836066,0.590163934,0.055555556,0.944444444,1.851851852,0.54,0.882352941,1.133333333
24-clone_control,2,7,Jan-24,ancestral,19,0,1.00E+00,0,30,25,1,24,1.00E+06,300000000,250000000,10000000,240000000,550000000,0.545454545,0.454545455,0.04,0.96,2.8,0.357142857,0.541666667,1.846153846
24-clone_control,2,8,Jan-24,ancestral,22,0,1.00E+00,0,49,52,3,49,1.00E+06,490000000,520000000,30000000,490000000,1010000000,0.485148515,0.514851485,0.057692308,0.942307692,0.942307692,1.06122449,1.469387755,0.680555556
24-clone_control,3,1,Jan-24,ancestral,1,0,1.00E+00,0,23,19,2,17,1.00E+06,230000000,190000000,20000000,170000000,420000000,0.547619048,0.452380952,0.105263158,0.894736842,0.660287081,0.012148338,1.294117647,0.772727273
24-clone_control,3,2,Jan-24,ancestral,4,0,1.00E+00,0,42,62,7,55,1.00E+06,420000000,620000000,70000000,550000000,1040000000,0.403846154,0.596153846,0.112903226,0.887096774,1.098517873,0.91031746,1.145454545,0.873015873
24-clone_control,3,3,Jan-24,ancestral,7,0,1.00E+00,0,,0,,,,0,0,0,0,0,#DIV/0!,#DIV/0!,NA,#DIV/0!,0.324074074,3.085714286,3.15,0.317460317
24-clone_control,3,4,Jan-24,ancestral,10,0,1.00E+00,0,27,20,1,19,1.00E+06,270000000,200000000,10000000,190000000,470000000,0.574468085,0.425531915,0.05,0.95,2.7,0.37037037,0.210526316,4.75
24-clone_control,3,5,Jan-24,ancestral,13,0,1.00E+00,0,,0,,,,0,0,0,0,0,#DIV/0!,#DIV/0!,NA,#DIV/0!,0.746666667,1.339285714,0.829787234,1.205128205
24-clone_control,3,6,Jan-24,ancestral,16,0,1.00E+00,0,,0,,,,0,0,0,0,0,#DIV/0!,#DIV/0!,NA,#DIV/0!,0,2,0.23125,4.324324324
24-clone_control,3,7,Jan-24,ancestral,19,0,1.00E+00,0,73,56,4,52,1.00E+06,730000000,560000000,40000000,520000000,1290000000,0.565891473,0.434108527,0.071428571,0.928571429,3.041666667,0.328767123,1,1
24-clone_control,3,8,Jan-24,ancestral,22,0,1.00E+00,0,19,15,2,13,1.00E+06,190000000,150000000,20000000,130000000,340000000,0.558823529,0.441176471,0.133333333,0.866666667,1.266666667,0.789473684,3.692307692,0.270833333
3-clone,0,1,01-Mar,1,1,10,1.00E+03,2000000,21,10,8,2,1.00E+04,2100000,1000000,800000,200000,3100000,0.677419355,0.322580645,0.8,0.2,1,1,1,1
3-clone,0,2,04-Jun,4,4,26,1.00E+03,5200000,8,37,8,29,1.00E+04,800000,3700000,800000,2900000,4500000,0.177777778,0.822222222,0.216216216,0.783783784,1,1,1,1
3-clone,0,3,07-Sep,7,7,16,1.00E+03,3200000,11,22,8,14,1.00E+04,1100000,2200000,800000,1400000,3300000,0.333333333,0.666666667,0.363636364,0.636363636,1,1,1,1
3-clone,0,4,Oct-13,10,10,10,1.00E+03,2000000,11,14,4,10,1.00E+04,1100000,1400000,400000,1000000,2500000,0.44,0.56,0.285714286,0.714285714,1,1,1,1
3-clone,0,5,14-16,14,14,12,1.00E+03,2400000,11,9,3,6,1.00E+04,1100000,900000,300000,600000,2000000,0.55,0.45,0.333333333,0.666666667,1,1,1,1
3-clone,0,6,17-19,17,17,7,1.00E+03,1400000,12,10,3,7,1.00E+04,1200000,1000000,300000,700000,2200000,0.545454545,0.454545455,0.3,0.7,1,1,1,1
3-clone,0,7,19-21,19,19,25,1.00E+03,5000000,12,14,3,11,1.00E+04,1200000,1400000,300000,1100000,2600000,0.461538462,0.538461538,0.214285714,0.785714286,1,1,1,1
3-clone,0,8,22-24,22,22,6,1.00E+03,1200000,17,11,5,6,1.00E+04,1700000,1100000,500000,600000,2800000,0.607142857,0.392857143,0.454545455,0.545454545,1,1,1,1
3-clone,1,1,01-Mar,1,1,24,1.00E+04,48000000,452,176,36,140,1.00E+06,4520000000,1760000000,360000000,1400000000,6280000000,0.719745223,0.280254777,0.204545455,0.795454545,1.222943723,0.817699115,0.064285714,15.55555556
3-clone,1,2,04-Jun,4,4,5,1.00E+04,10000000,19,16,0,16,1.00E+06,190000000,160000000,0,160000000,350000000,0.542857143,0.457142857,0,1,5.4921875,0.182076814,0,1
3-clone,1,3,07-Sep,7,7,11,1.00E+03,2200000,14,14,1,13,1.00E+06,140000000,140000000,10000000,130000000,280000000,0.5,0.5,0.071428571,0.928571429,2,0.5,0.134615385,7.428571429
3-clone,1,4,Oct-13,10,10,17,1.00E+03,3400000,15,10,0,10,1.00E+06,150000000,100000000,0,100000000,250000000,0.6,0.4,0,1,1.909090909,0.523809524,0,1
3-clone,1,5,14-16,14,14,24,1.00E+03,4800000,16,16,1,15,1.00E+06,160000000,160000000,10000000,150000000,320000000,0.5,0.5,0.0625,0.9375,0.818181818,1.222222222,0.133333333,7.5
3-clone,1,6,17-19,17,17,9,1.00E+04,18000000,18,10,1,9,1.00E+06,180000000,100000000,10000000,90000000,280000000,0.642857143,0.357142857,0.1,0.9,1.5,0.666666667,0.259259259,3.857142857
3-clone,1,7,19-21,19,19,21,1.00E+02,420000,13,18,4,14,1.00E+06,130000000,180000000,40000000,140000000,310000000,0.419354839,0.580645161,0.222222222,0.777777778,0.842592593,1.186813187,1.047619048,0.954545455
3-clone,1,8,22-24,22,22,19,1.00E+05,380000000,19,10,1,9,1.00E+06,190000000,100000000,10000000,90000000,290000000,0.655172414,0.344827586,0.1,0.9,1.229411765,0.813397129,0.133333333,7.5
3-clone,2,1,01-Mar,1,1,33,1.00E+01,66000,65,6,1,5,1.00E+06,650000000,60000000,10000000,50000000,710000000,0.915492958,0.084507042,0.166666667,0.833333333,5.158730159,0.193846154,0.05,20
3-clone,2,2,04-Jun,4,4,16,1.00E+00,3200,23,39,0,39,1.00E+06,230000000,390000000,0,390000000,620000000,0.370967742,0.629032258,0,1,2.727564103,0.366627497,0,1
3-clone,2,3,07-Sep,7,7,29,1.00E+01,58000,42,31,4,27,1.00E+06,420000000,310000000,40000000,270000000,730000000,0.575342466,0.424657534,0.129032258,0.870967742,2.709677419,0.369047619,0.259259259,3.857142857
3-clone,2,4,Oct-13,10,10,26,1.00E+00,5200,41,15,0,15,1.00E+06,410000000,150000000,0,150000000,560000000,0.732142857,0.267857143,0,1,3.478787879,0.287456446,0,1
3-clone,2,5,14-16,14,14,6,1.00E+02,120000,40,19,2,17,1.00E+06,400000000,190000000,20000000,170000000,590000000,0.677966102,0.322033898,0.105263158,0.894736842,1.722488038,0.580555556,0.235294118,4.25
3-clone,2,6,17-19,17,17,25,1.00E+02,500000,32,25,3,22,1.00E+06,320000000,250000000,30000000,220000000,570000000,0.561403509,0.438596491,0.12,0.88,1.066666667,0.9375,0.318181818,3.142857143
3-clone,2,7,19-21,19,19,26,1.00E+04,52000000,42,24,20,4,1.00E+06,420000000,240000000,200000000,40000000,660000000,0.636363636,0.363636364,0.833333333,0.166666667,2.041666667,0.489795918,18.33333333,0.054545455
3-clone,2,8,22-24,22,22,5,1.00E+02,100000,43,20,0,20,1.00E+06,430000000,200000000,0,200000000,630000000,0.682539683,0.317460317,0,1,1.391176471,0.718816068,0,1
3-clone,3,1,01-Mar,1,1,6,1.00E+03,1200000,57,2,0,2,1.00E+06,570000000,20000000,0,20000000,590000000,0.966101695,0.033898305,0,1,13.57142857,0.073684211,0,#DIV/0!
3-clone,3,2,04-Jun,4,4,0,1.00E+00,0,25,12,0,12,1.00E+06,250000000,120000000,0,120000000,370000000,0.675675676,0.324324324,0,1,9.635416667,0.103783784,0,#DIV/0!
3-clone,3,3,07-Sep,7,7,10,1.00E+00,2000,48,13,3,10,1.00E+06,480000000,130000000,30000000,100000000,610000000,0.786885246,0.213114754,0.230769231,0.769230769,7.384615385,0.135416667,0.525,1.904761905
3-clone,3,4,Oct-13,10,10,8,1.00E+02,160000,20,16,0,16,1.00E+06,200000000,160000000,0,160000000,360000000,0.555555556,0.444444444,0,1,1.590909091,0.628571429,0,#DIV/0!
3-clone,3,5,14-16,14,14,10,1.00E+01,20000,51,3,1,2,1.00E+06,510000000,30000000,10000000,20000000,540000000,0.944444444,0.055555556,0.333333333,0.666666667,13.90909091,0.071895425,1,1
3-clone,3,6,17-19,17,17,25,1.00E+05,500000000,19,3,0,3,1.00E+06,190000000,30000000,0,30000000,220000000,0.863636364,0.136363636,0,1,5.277777778,0.189473684,0,#DIV/0!
3-clone,3,7,19-21,19,19,12,1.00E+03,2400000,9,35,19,16,1.00E+06,90000000,350000000,190000000,160000000,440000000,0.204545455,0.795454545,0.542857143,0.457142857,0.3,3.333333333,4.354166667,0.229665072
3-clone,3,8,22-24,22,22,7,1.00E+02,140000,35,12,0,12,1.00E+06,350000000,120000000,0,120000000,470000000,0.744680851,0.255319149,0,1,1.887254902,0.52987013,0,#DIV/0!
6-clone,0,1,01-Jun,1,1,5,1.00E+03,1000000,18,13,1,12,1.00E+04,1800000,1300000,100000,1200000,3100000,0.580645161,0.419354839,0.076923077,0.923076923,1,1,1,1
6-clone,0,2,01-Jun,4,4,16,1.00E+03,3200000,17,17,2,15,1.00E+04,1700000,1700000,200000,1500000,3400000,0.5,0.5,0.117647059,0.882352941,1,1,1,1
6-clone,0,3,07-Dec,7,7,5,1.00E+03,1000000,48,67,6,61,1.00E+03,480000,670000,60000,610000,1150000,0.417391304,0.582608696,0.089552239,0.910447761,1,1,1,1
6-clone,0,4,07-Dec,10,10,2,1.00E+03,400000,12,18,2,16,1.00E+04,1200000,1800000,200000,1600000,3000000,0.4,0.6,0.111111111,0.888888889,1,1,1,1
6-clone,0,5,13-18,14,14,9,1.00E+03,1800000,17,5,1,4,1.00E+04,1700000,500000,100000,400000,2200000,0.772727273,0.227272727,0.2,0.8,1,1,1,1
6-clone,0,6,13-18,17,17,16,1.00E+03,3200000,12,9,3,6,1.00E+04,1200000,900000,300000,600000,2100000,0.571428571,0.428571429,0.333333333,0.666666667,1,1,1,1
6-clone,0,7,19-24,19,19,7,1.00E+03,1400000,12,10,2,8,1.00E+04,1200000,1000000,200000,800000,2200000,0.545454545,0.454545455,0.2,0.8,1,1,1,1
6-clone,0,8,19-24,22,22,5,1.00E+03,1000000,14,10,4,6,1.00E+04,1400000,1000000,400000,600000,2400000,0.583333333,0.416666667,0.4,0.6,1,1,1,1
6-clone,1,1,01-Jun,1,1,15,1.00E+02,300000,12,13,0,13,1.00E+06,120000000,130000000,0,130000000,250000000,0.48,0.52,0,1,0.666666667,1.5,0,1
6-clone,1,2,01-Jun,4,4,17,1.00E+03,3400000,8,8,0,8,1.00E+06,80000000,80000000,0,80000000,160000000,0.5,0.5,0,1,1,1,0,1
6-clone,1,3,07-Dec,7,7,25,1.00E+02,500000,13,30,3,27,1.00E+06,130000000,300000000,30000000,270000000,430000000,0.302325581,0.697674419,0.1,0.9,0.604861111,1.653272101,1.12962963,0.885245902
6-clone,1,4,07-Dec,10,10,6,1.00E+03,1200000,29,76,2,74,1.00E+06,290000000,760000000,20000000,740000000,1050000000,0.276190476,0.723809524,0.026315789,0.973684211,0.572368421,1.747126437,0.216216216,4.625
6-clone,1,5,13-18,14,14,7,1.00E+02,140000,20,29,4,25,1.00E+06,200000000,290000000,40000000,250000000,490000000,0.408163265,0.591836735,0.137931034,0.862068966,0.202839757,4.93,0.64,1.5625
6-clone,1,6,13-18,17,17,12,1.00E+02,240000,28,39,3,36,1.00E+06,280000000,390000000,30000000,360000000,670000000,0.417910448,0.582089552,0.076923077,0.923076923,0.538461538,1.857142857,0.166666667,6
6-clone,1,7,19-24,19,19,6,1.00E+01,12000,24,16,3,13,1.00E+06,240000000,160000000,30000000,130000000,400000000,0.6,0.4,0.1875,0.8125,1.25,0.8,0.923076923,1.083333333
6-clone,1,8,19-24,22,22,22,1.00E+03,4400000,28,16,3,13,1.00E+06,280000000,160000000,30000000,130000000,440000000,0.636363636,0.363636364,0.1875,0.8125,1.25,0.8,0.346153846,2.888888889
6-clone,2,1,01-Jun,1,1,30,1.00E+02,600000,15,9,0,9,1.00E+06,150000000,90000000,0,90000000,240000000,0.625,0.375,0,1,1.203703704,0.830769231,0,1
6-clone,2,2,01-Jun,4,4,7,1.00E+01,14000,27,13,0,13,1.00E+06,270000000,130000000,0,130000000,400000000,0.675,0.325,0,1,2.076923077,0.481481481,0,1
6-clone,2,3,07-Dec,7,7,17,1.00E+01,34000,18,13,1,12,1.00E+06,180000000,130000000,10000000,120000000,310000000,0.580645161,0.419354839,0.076923077,0.923076923,1.932692308,0.517412935,0.847222222,1.180327869
6-clone,2,4,07-Dec,10,10,4,1.00E+01,8000,18,14,1,13,1.00E+06,180000000,140000000,10000000,130000000,320000000,0.5625,0.4375,0.071428571,0.928571429,1.928571429,0.518518519,0.615384615,1.625
6-clone,2,5,13-18,14,14,27,1.00E+01,54000,68,57,6,51,1.00E+06,680000000,570000000,60000000,510000000,1250000000,0.544,0.456,0.105263158,0.894736842,0.350877193,2.85,0.470588235,2.125
6-clone,2,6,13-18,17,17,9,1.00E+01,18000,37,24,1,23,1.00E+06,370000000,240000000,10000000,230000000,610000000,0.606557377,0.393442623,0.041666667,0.958333333,1.15625,0.864864865,0.086956522,11.5
6-clone,2,7,19-24,19,19,11,1.00E+02,220000,25,31,4,27,1.00E+06,250000000,310000000,40000000,270000000,560000000,0.446428571,0.553571429,0.129032258,0.870967742,0.672043011,1.488,0.592592593,1.6875
6-clone,2,8,19-24,22,22,6,1.00E+01,12000,46,124,4,120,1.00E+06,460000000,1240000000,40000000,1200000000,1700000000,0.270588235,0.729411765,0.032258065,0.967741935,0.264976959,3.773913043,0.05,20
6-clone,3,1,01-Jun,1,1,17,1.00E+04,34000000,73,31,0,31,1.00E+06,730000000,310000000,0,310000000,1040000000,0.701923077,0.298076923,0,1,1.700716846,0.587987355,0,#DIV/0!
6-clone,3,2,01-Jun,4,4,16,1.00E+03,3200000,37,15,0,15,1.00E+06,370000000,150000000,0,150000000,520000000,0.711538462,0.288461538,0,1,2.466666667,0.405405405,0,#DIV/0!
6-clone,3,3,07-Dec,7,7,30,1.00E+02,600000,13,16,1,15,1.00E+06,130000000,160000000,10000000,150000000,290000000,0.448275862,0.551724138,0.0625,0.9375,1.134114583,0.881745121,0.677777778,1.475409836
6-clone,3,4,07-Dec,10,10,1,1.00E+00,200,111,75,6,69,1.00E+06,1110000000,750000000,60000000,690000000,1860000000,0.596774194,0.403225806,0.08,0.92,2.22,0.45045045,0.695652174,1.4375
6-clone,3,5,13-18,14,14,8,1.00E+02,160000,21,18,1,17,1.00E+06,210000000,180000000,10000000,170000000,390000000,0.538461538,0.461538462,0.055555556,0.944444444,0.343137255,2.914285714,0.235294118,4.25
6-clone,3,6,13-18,17,17,7,1.00E+01,14000,17,13,0,13,1.00E+06,170000000,130000000,0,130000000,300000000,0.566666667,0.433333333,0,1,0.980769231,1.019607843,0,#DIV/0!
6-clone,3,7,19-24,19,19,8,1.00E+03,1600000,16,18,10,8,1.00E+06,160000000,180000000,100000000,80000000,340000000,0.470588235,0.529411765,0.555555556,0.444444444,0.740740741,1.35,5,0.2
6-clone,3,8,19-24,22,22,15,1.00E+01,30000,14,27,1,26,1.00E+06,140000000,270000000,10000000,260000000,410000000,0.341463415,0.658536585,0.037037037,0.962962963,0.37037037,2.7,0.057692308,17.33333333